KEGNES	WS03	Instrument failure	1991-01-13 17:50:00	1991-01-14 00:00:00	2023-09-05 11:07:09
KEGNES	WS03	Icing	1991-02-10 18:00:00	1991-02-10 21:10:00	2023-11-23 16:18:17
KEGNES	WS03	Icing	1991-02-16 15:30:00	1991-02-16 19:10:00	2023-09-05 11:10:52
KEGNES	WS03	Icing	1991-02-16 20:00:00	1991-02-16 20:30:00	2023-09-05 11:11:02
KEGNES	WS03	Instrument failure	1991-02-17 22:40:00	1991-02-18 00:30:00	2023-09-05 11:11:14
KEGNES	WS03	Suspect	1991-03-10 04:40:00	1991-03-10 05:50:00	2023-11-23 16:20:26
KEGNES	WS11	Suspect	1991-03-10 04:40:00	1991-03-10 05:50:00	2023-11-23 16:20:26
KEGNES	WS03	Suspect	1991-03-18 06:30:00	1991-03-18 08:20:00	2023-11-23 16:21:10
KEGNES	WS03	Suspect	1991-03-23 22:50:00	1991-03-24 00:30:00	2023-11-23 16:21:47
KEGNES	WD23	Suspect	1991-03-24 03:00:00	1991-03-24 06:20:00	2023-11-23 16:22:30
KEGNES	WS03	Suspect	1991-03-24 03:50:00	1991-03-24 06:10:00	2023-11-23 16:21:54
KEGNES	WS11	Suspect	1991-03-24 03:50:00	1991-03-24 06:10:00	2023-11-23 16:21:54
KEGNES	WS23	Suspect	1991-03-24 03:50:00	1991-03-24 06:10:00	2023-11-23 16:21:54
KEGNES	WD10	Suspect	1991-03-24 19:10:00	1991-03-24 20:50:00	2023-11-23 16:22:56
KEGNES	WD23	Suspect	1991-03-24 19:10:00	1991-03-24 20:50:00	2023-11-23 16:22:56
KEGNES	WS03	Suspect	1991-03-24 22:10:00	1991-03-25 02:10:00	2023-11-23 16:22:08
KEGNES	WS11	Suspect	1991-03-24 23:30:00	1991-03-25 02:00:00	2023-11-23 16:22:16
KEGNES	WS23	Suspect	1991-03-24 23:30:00	1991-03-25 02:00:00	2023-11-23 16:22:16
KEGNES	WD10	Suspect	1991-03-25 00:30:00	1991-03-25 01:40:00	2023-11-23 16:23:05
KEGNES	WD23	Suspect	1991-03-25 00:30:00	1991-03-25 01:40:00	2023-11-23 16:23:05
KEGNES	WS23	Suspect	1991-03-26 23:20:00	1991-03-27 04:10:00	2023-11-23 16:23:24
KEGNES	WD10	Suspect	1991-03-28 22:30:00	1991-03-29 00:50:00	2023-11-23 16:23:37
KEGNES	WD23	Suspect	1991-03-28 22:30:00	1991-03-29 00:50:00	2023-11-23 16:23:37
KEGNES	WS03	Suspect	1991-03-28 22:30:00	1991-03-29 00:40:00	2023-09-05 11:12:10
KEGNES	WS11	Suspect	1991-03-28 22:30:00	1991-03-29 00:40:00	2023-09-05 11:12:10
KEGNES	WS23	Suspect	1991-03-28 22:30:00	1991-03-29 00:40:00	2023-09-05 11:12:10
KEGNES	WD10	Suspect	1991-04-14 15:00:00	1991-04-14 18:20:00	2023-11-23 16:24:59
KEGNES	WD23	Suspect	1991-04-14 15:00:00	1991-04-14 18:20:00	2023-11-23 16:24:59
KEGNES	WS11	Suspect	1991-04-14 15:00:00	1991-04-14 18:20:00	2023-11-23 16:24:11
KEGNES	WS23	Suspect	1991-04-15 00:40:00	1991-04-15 05:40:00	2023-11-23 16:24:29
KEGNES	WD10	Suspect	1991-05-06 19:40:00	1991-05-07 01:00:00	2023-11-23 16:25:42
KEGNES	WD23	Suspect	1991-05-06 19:40:00	1991-05-07 01:00:00	2023-11-23 16:25:42
KEGNES	WS03	Suspect	1991-05-06 19:40:00	1991-05-07 01:00:00	2023-11-23 16:25:42
KEGNES	WS11	Suspect	1991-05-06 19:40:00	1991-05-07 01:00:00	2023-11-23 16:25:42
KEGNES	WS23	Suspect	1991-05-06 19:40:00	1991-05-07 01:00:00	2023-11-23 16:25:42
KEGNES	WS03	Suspect	1991-05-07 02:10:00	1991-05-07 05:20:00	2023-11-23 16:26:18
KEGNES	WS11	Suspect	1991-05-07 02:10:00	1991-05-07 05:20:00	2023-11-23 16:26:18
KEGNES	WS23	Suspect	1991-05-07 02:10:00	1991-05-07 05:20:00	2023-11-23 16:26:18
KEGNES	WS03	Suspect	1991-06-06 03:50:00	1991-06-06 05:30:00	2023-11-23 16:27:23
KEGNES	WS11	Suspect	1991-06-06 03:50:00	1991-06-06 05:30:00	2023-11-23 16:27:23
KEGNES	WS23	Suspect	1991-06-06 03:50:00	1991-06-06 05:30:00	2023-11-23 16:27:23
KEGNES	WS23	Suspect	1991-06-08 00:10:00	1991-06-08 02:10:00	2023-11-23 16:27:37
KEGNES	WS03	Suspect	1991-09-28 02:00:00	1991-09-28 05:00:00	2023-11-23 16:30:13
KEGNES	WS03	Suspect	1991-11-27 15:10:00	1991-11-27 17:30:00	2023-09-05 11:18:13
KEGNES	WS11	Suspect	1991-11-27 15:10:00	1991-11-27 17:30:00	2023-09-05 11:18:13
KEGNES	WS23	Suspect	1991-11-27 15:10:00	1991-11-27 17:30:00	2023-09-05 11:18:13
KEGNES	WS03	Suspect	1991-12-11 04:40:00	1991-12-11 06:40:00	2023-11-23 16:32:24
KEGNES	WS23	Suspect	1992-01-05 20:20:00	1992-01-05 22:00:00	2023-11-23 16:33:21
KEGNES	WS03	Suspect	1992-02-05 20:10:00	1992-02-05 21:50:00	2023-11-23 16:34:02
KEGNES	WS11	Suspect	1992-02-05 20:10:00	1992-02-05 21:50:00	2023-11-23 16:34:02
KEGNES	WS23	Suspect	1992-02-05 20:10:00	1992-02-05 21:50:00	2023-11-23 16:34:02
KEGNES	WS03	Suspect	1992-02-06 01:10:00	1992-02-06 03:10:00	2023-11-23 16:34:08
KEGNES	WS11	Suspect	1992-02-06 01:10:00	1992-02-06 03:10:00	2023-11-23 16:34:08
KEGNES	WS23	Suspect	1992-02-06 01:10:00	1992-02-06 03:10:00	2023-11-23 16:34:08
KEGNES	WS03	Suspect	1992-04-08 17:10:00	1992-04-08 19:30:00	2023-11-23 16:48:42
KEGNES	WS11	Suspect	1992-04-08 17:10:00	1992-04-08 19:30:00	2023-11-23 16:48:42
KEGNES	WS23	Suspect	1992-04-08 17:10:00	1992-04-08 19:30:00	2023-11-23 16:48:42
KEGNES	WS03	Suspect	1992-04-09 06:40:00	1992-04-09 10:20:00	2023-11-23 16:48:30
KEGNES	WS11	Suspect	1992-04-09 06:40:00	1992-04-09 10:20:00	2023-11-23 16:48:30
KEGNES	WS23	Suspect	1992-04-09 06:40:00	1992-04-09 10:20:00	2023-11-23 16:48:30
KEGNES	WS11	Suspect	1992-04-21 10:00:00	1992-04-21 11:10:00	2023-11-23 16:49:55
KEGNES	WS23	Suspect	1992-04-21 10:00:00	1992-04-21 11:10:00	2023-11-23 16:49:55
KEGNES	WS03	Suspect	1992-05-14 01:50:00	1992-05-14 03:20:00	2023-11-23 16:51:00
KEGNES	WS11	Suspect	1992-05-14 01:50:00	1992-05-14 03:20:00	2023-11-23 16:51:00
KEGNES	WS23	Suspect	1992-05-14 01:50:00	1992-05-14 03:20:00	2023-11-23 16:51:00
KEGNES	WS03	Suspect	1992-05-18 00:30:00	1992-05-18 04:20:00	2023-11-23 16:51:30
KEGNES	WS11	Suspect	1992-05-18 00:30:00	1992-05-18 04:20:00	2023-11-23 16:51:30
KEGNES	WS23	Suspect	1992-06-12 23:50:00	1992-06-13 02:00:00	2023-11-23 16:52:23
KEGNES	WS23	Instrument failure	1992-06-27 01:30:00	1992-06-27 06:10:00	2023-09-05 11:20:28
KEGNES	WS03	Suspect	1992-12-17 12:30:00	1992-12-17 14:10:00	2023-11-23 16:56:15
KEGNES	WS11	Suspect	1992-12-17 12:30:00	1992-12-17 14:10:00	2023-11-23 16:56:15
KEGNES	WS23	Suspect	1992-12-17 12:30:00	1992-12-17 14:10:00	2023-11-23 16:56:15
KEGNES	WS03	Suspect	1992-12-17 14:50:00	1992-12-17 16:40:00	2023-11-23 16:56:21
KEGNES	WS11	Suspect	1992-12-17 14:50:00	1992-12-17 16:40:00	2023-11-23 16:56:21
KEGNES	WS23	Suspect	1992-12-17 14:50:00	1992-12-17 16:40:00	2023-11-23 16:56:21
KEGNES	WS11	Icing	1993-02-01 01:50:00	1993-02-02 12:20:00	2023-09-05 11:22:45
KEGNES	WS23	Icing	1993-02-01 01:50:00	1993-02-02 12:20:00	2023-09-05 11:22:45
KEGNES	WS03	Icing	1993-02-01 02:10:00	1993-02-02 08:00:00	2023-09-05 11:22:56
KEGNES	WD10	Icing	1993-02-01 02:20:00	1993-02-01 21:10:00	2023-09-05 11:23:16
KEGNES	WD23	Icing	1993-02-01 02:20:00	1993-02-01 21:10:00	2023-09-05 11:23:16
KEGNES	WS03	Icing	1993-02-07 04:40:00	1993-02-07 05:40:00	2023-11-23 16:57:49
KEGNES	WS03	Suspect	1993-02-13 08:40:00	1993-02-13 09:40:00	2023-11-23 16:58:15
KEGNES	WS23	Suspect	1993-02-13 08:40:00	1993-02-13 09:40:00	2023-11-23 16:58:15
KEGNES	WS03	Suspect	1993-02-13 15:00:00	1993-02-13 22:00:00	2023-09-05 11:24:02
KEGNES	WS03	Suspect	1993-02-24 17:50:00	1993-02-25 04:50:00	2023-09-05 11:24:37
KEGNES	WS03	Suspect	1993-02-25 06:40:00	1993-02-25 09:50:00	2023-11-23 16:58:35
KEGNES	WS11	Suspect	1993-02-25 06:40:00	1993-02-25 09:50:00	2023-11-23 16:58:35
KEGNES	WS23	Suspect	1993-02-25 06:40:00	1993-02-25 09:50:00	2023-11-23 16:58:35
KEGNES	WS03	Suspect	1993-03-04 18:20:00	1993-03-04 21:10:00	2023-11-23 16:58:54
KEGNES	WS03	Suspect	1993-03-10 02:40:00	1993-03-10 04:50:00	2023-11-23 16:59:31
KEGNES	WS03	Suspect	1993-03-10 14:10:00	1993-03-10 15:10:00	2023-11-23 16:59:44
KEGNES	WS11	Suspect	1993-03-10 14:10:00	1993-03-10 15:10:00	2023-11-23 16:59:44
KEGNES	WS03	Suspect	1993-03-11 05:30:00	1993-03-11 07:30:00	2023-11-23 16:59:59
KEGNES	WS03	Suspect	1993-03-12 23:40:00	1993-03-13 01:20:00	2023-11-23 17:00:09
KEGNES	WS03	Suspect	1993-03-13 22:30:00	1993-03-14 00:40:00	2023-11-23 17:00:30
KEGNES	WS03	Suspect	1993-03-15 00:30:00	1993-03-15 06:20:00	2023-09-05 11:25:12
KEGNES	WS03	Suspect	1993-03-15 09:50:00	1993-03-15 11:40:00	2023-11-23 17:00:43
KEGNES	WS03	Suspect	1993-03-30 18:10:00	1993-03-30 20:10:00	2023-11-23 17:01:26
KEGNES	WS03	Suspect	1993-04-07 00:20:00	1993-04-07 05:10:00	2023-11-23 17:01:39
KEGNES	WS11	Suspect	1993-04-07 02:20:00	1993-04-07 03:50:00	2023-11-23 17:01:50
KEGNES	WS23	Suspect	1993-04-07 02:20:00	1993-04-07 03:50:00	2023-11-23 17:01:50
KEGNES	WS03	Suspect	1993-04-27 00:00:00	1993-04-27 02:10:00	2023-11-23 17:03:13
KEGNES	WS11	Suspect	1993-04-27 00:00:00	1993-04-27 01:00:00	2023-11-23 17:03:25
KEGNES	WS03	Suspect	1993-06-30 18:40:00	1993-06-30 21:30:00	2023-11-23 17:05:56
KEGNES	WS11	Suspect	1993-06-30 21:00:00	1993-06-30 22:20:00	2023-11-23 17:07:00
KEGNES	WS03	Suspect	1993-06-30 22:50:00	1993-07-01 00:50:00	2023-11-23 17:05:44
KEGNES	WS11	Suspect	1993-06-30 22:50:00	1993-07-01 00:50:00	2023-11-23 17:05:44
KEGNES	WS23	Suspect	1993-06-30 22:50:00	1993-07-01 00:50:00	2023-11-23 17:05:44
KEGNES	WS03	Suspect	1993-07-01 01:00:00	1993-07-01 08:20:00	2023-11-23 17:06:36
KEGNES	WS03	Suspect	1993-07-16 05:00:00	1993-07-16 07:00:00	2023-11-23 17:07:29
KEGNES	WS03	Suspect	1993-07-16 20:10:00	1993-07-16 21:30:00	2023-11-23 17:07:41
KEGNES	WS03	Suspect	1993-07-20 06:30:00	1993-07-20 07:30:00	2023-11-23 17:07:55
KEGNES	WS03	Suspect	1993-07-30 20:50:00	1993-07-30 23:20:00	2023-11-23 17:08:27
KEGNES	WS03	Suspect	1993-08-05 03:50:00	1993-08-05 06:40:00	2023-11-23 17:08:43
KEGNES	WS03	Suspect	1993-09-11 17:40:00	1993-09-11 18:40:00	2023-11-23 17:09:29
KEGNES	WS03	Suspect	1993-09-18 19:00:00	1993-09-18 20:30:00	2023-11-23 17:09:47
KEGNES	WS03	Suspect	1993-09-19 00:20:00	1993-09-19 02:30:00	2023-11-23 17:09:53
KEGNES	WS11	Suspect	1993-09-19 00:20:00	1993-09-19 02:30:00	2023-11-23 17:09:53
KEGNES	WS23	Suspect	1993-09-19 00:20:00	1993-09-19 02:30:00	2023-11-23 17:09:53
KEGNES	WS03	Suspect	1993-09-19 05:30:00	1993-09-19 06:50:00	2023-11-23 17:10:10
KEGNES	WS11	Suspect	1993-09-19 05:30:00	1993-09-19 06:50:00	2023-11-23 17:10:10
KEGNES	WS23	Suspect	1993-09-19 05:30:00	1993-09-19 06:50:00	2023-11-23 17:10:10
KEGNES	WS03	Suspect	1993-09-23 17:50:00	1993-09-23 18:40:00	2023-11-23 17:10:32
KEGNES	WS03	Suspect	1993-09-27 01:00:00	1993-09-27 02:30:00	2023-11-23 17:10:46
KEGNES	WS03	Suspect	1993-10-18 02:40:00	1993-10-18 07:30:00	2023-09-05 11:26:31
KEGNES	WS03	Suspect	1993-10-21 12:00:00	1993-10-21 13:00:00	2023-11-23 17:11:20
KEGNES	WS03	Suspect	1993-10-30 20:40:00	1993-10-30 23:40:00	2023-09-05 11:26:47
KEGNES	WS03	Suspect	1993-11-02 04:20:00	1993-11-02 05:30:00	2023-11-23 17:11:40
KEGNES	WD10	Suspect	1993-11-11 09:20:00	1993-11-11 09:50:00	2023-11-23 17:12:05
KEGNES	WS03	Suspect	1993-11-16 13:40:00	1993-11-17 00:00:00	2023-09-05 11:27:06
KEGNES	WS03	Suspect	1993-11-17 10:10:00	1993-11-17 11:40:00	2023-11-23 17:12:31
KEGNES	WS03	Suspect	1993-11-17 17:00:00	1993-11-18 03:10:00	2023-09-05 11:27:15
KEGNES	WS11	Suspect	1993-11-17 20:10:00	1993-11-17 23:50:00	2023-11-23 17:12:48
KEGNES	WS23	Suspect	1993-11-17 20:10:00	1993-11-17 23:50:00	2023-11-23 17:12:48
KEGNES	WS03	Suspect	1993-11-18 09:50:00	1993-11-18 11:10:00	2023-11-23 17:13:28
KEGNES	WS03	Suspect	1993-11-19 05:50:00	1993-11-19 09:40:00	2023-09-05 11:27:24
KEGNES	WS11	Suspect	1993-11-19 07:10:00	1993-11-19 07:50:00	2023-11-23 17:13:45
KEGNES	WS23	Suspect	1993-11-19 07:10:00	1993-11-19 07:50:00	2023-11-23 17:13:45
KEGNES	WS03	Suspect	1994-02-03 07:00:00	1994-02-03 07:30:00	2023-11-23 17:16:34
KEGNES	WS03	Suspect	1994-02-03 08:40:00	1994-02-03 09:20:00	2023-11-23 17:16:46
KEGNES	WS03	Suspect	1994-02-10 07:40:00	1994-02-10 09:30:00	2023-11-23 17:17:19
KEGNES	WS03	Suspect	1994-02-19 01:00:00	1994-02-19 01:30:00	2023-11-23 17:17:45
KEGNES	WS11	Suspect	1994-02-19 01:00:00	1994-02-19 01:30:00	2023-11-23 17:17:45
KEGNES	WS23	Suspect	1994-02-19 01:00:00	1994-02-19 01:30:00	2023-11-23 17:17:45
KEGNES	WS03	Suspect	1994-02-24 19:40:00	1994-02-24 20:20:00	2023-11-23 17:18:21
KEGNES	WS11	Suspect	1994-02-24 19:40:00	1994-02-24 20:20:00	2023-11-23 17:18:21
KEGNES	WS23	Suspect	1994-02-24 19:40:00	1994-02-24 20:20:00	2023-11-23 17:18:21
KEGNES	WS11	Suspect	1994-02-24 20:40:00	1994-02-24 21:00:00	2023-11-23 17:18:51
KEGNES	WS03	Suspect	1994-02-24 22:00:00	1994-02-24 23:00:00	2023-11-23 17:18:29
KEGNES	WS23	Instrument failure	1994-02-27 05:50:00	1994-02-27 09:00:00	2023-09-05 11:28:13
KEGNES	WS03	Icing	1994-03-02 23:20:00	1994-03-03 00:30:00	2023-11-23 17:19:37
KEGNES	WS11	Icing	1994-03-02 23:20:00	1994-03-03 00:30:00	2023-11-23 17:19:37
KEGNES	WS23	Icing	1994-03-02 23:20:00	1994-03-03 00:30:00	2023-11-23 17:19:37
KEGNES	WS03	Suspect	1994-03-09 16:50:00	1994-03-09 18:30:00	2023-11-23 17:20:09
KEGNES	WS11	Suspect	1994-03-09 16:50:00	1994-03-09 18:30:00	2023-11-23 17:20:09
KEGNES	WS23	Suspect	1994-03-09 16:50:00	1994-03-09 18:30:00	2023-11-23 17:20:09
KEGNES	WS03	Suspect	1994-03-19 09:00:00	1994-03-19 10:00:00	2023-11-23 17:20:36
KEGNES	WS11	Suspect	1994-03-19 09:00:00	1994-03-19 10:00:00	2023-11-23 17:20:36
KEGNES	WS23	Suspect	1994-03-19 09:00:00	1994-03-19 10:00:00	2023-11-23 17:20:36
KEGNES	WS03	Icing	1994-03-20 07:30:00	1994-03-20 09:10:00	2023-11-23 17:20:49
KEGNES	WS11	Icing	1994-03-20 07:30:00	1994-03-20 09:10:00	2023-11-23 17:20:49
KEGNES	WS23	Icing	1994-03-20 07:30:00	1994-03-20 09:10:00	2023-11-23 17:20:49
KEGNES	WD10	Icing	1994-03-20 23:50:00	1994-03-21 08:00:00	2023-09-05 11:29:35
KEGNES	WS03	Icing	1994-03-25 15:30:00	1994-03-25 16:30:00	2023-11-23 17:21:17
KEGNES	WS03	Icing	1994-04-07 06:20:00	1994-04-07 07:10:00	2023-11-23 17:22:07
KEGNES	WS11	Icing	1994-04-07 06:20:00	1994-04-07 07:10:00	2023-11-23 17:22:07
KEGNES	WS23	Icing	1994-04-07 06:20:00	1994-04-07 07:10:00	2023-11-23 17:22:07
KEGNES	WS03	Icing	1994-04-07 08:00:00	1994-04-07 09:20:00	2023-11-23 17:22:13
KEGNES	WS11	Icing	1994-04-07 08:00:00	1994-04-07 09:20:00	2023-11-23 17:22:13
KEGNES	WS23	Icing	1994-04-07 08:00:00	1994-04-07 09:20:00	2023-11-23 17:22:13
KEGNES	WS23	Icing	1994-04-07 10:10:00	1994-04-07 12:40:00	2023-11-23 17:22:30
KEGNES	WS03	Suspect	1994-04-07 20:50:00	1994-04-07 23:30:00	2023-11-23 17:22:45
KEGNES	WS11	Suspect	1994-04-07 20:50:00	1994-04-07 23:30:00	2023-11-23 17:22:45
KEGNES	WS23	Suspect	1994-04-07 20:50:00	1994-04-07 23:30:00	2023-11-23 17:22:45
KEGNES	WS23	Suspect	1994-04-08 01:00:00	1994-04-08 01:40:00	2023-11-23 17:22:57
KEGNES	WS03	Suspect	1994-04-08 02:50:00	1994-04-08 07:00:00	2023-11-23 17:23:10
KEGNES	WS11	Suspect	1994-04-08 02:50:00	1994-04-08 07:00:00	2023-11-23 17:23:10
KEGNES	WS23	Suspect	1994-04-08 02:50:00	1994-04-08 07:00:00	2023-11-23 17:23:10
KEGNES	WS03	Suspect	1994-04-20 01:00:00	1994-04-20 02:30:00	2023-11-23 17:23:49
KEGNES	WS03	Suspect	1994-04-20 04:50:00	1994-04-20 06:00:00	2023-11-23 17:23:57
KEGNES	WS11	Suspect	1994-04-20 04:50:00	1994-04-20 06:00:00	2023-11-23 17:23:57
KEGNES	WS03	Suspect	1994-04-22 01:20:00	1994-04-22 08:30:00	2023-11-23 17:24:24
KEGNES	WS11	Suspect	1994-04-22 05:50:00	1994-04-22 08:30:00	2023-11-23 17:24:36
KEGNES	WS23	Suspect	1994-04-22 05:50:00	1994-04-22 08:30:00	2023-11-23 17:24:36
KEGNES	WS03	Suspect	1994-05-03 00:30:00	1994-05-03 02:10:00	2023-11-23 17:25:12
KEGNES	WS03	Suspect	1994-05-04 19:00:00	1994-05-04 20:30:00	2023-11-23 17:25:23
KEGNES	WS03	Suspect	1994-05-04 22:00:00	1994-05-04 22:40:00	2023-11-23 17:25:31
KEGNES	WS03	Suspect	1994-05-05 22:30:00	1994-05-06 00:00:00	2023-11-23 17:25:41
KEGNES	WS03	Suspect	1994-05-06 01:40:00	1994-05-06 06:20:00	2023-11-23 17:25:51
KEGNES	WS03	Suspect	1994-05-09 01:40:00	1994-05-09 03:20:00	2023-11-23 17:27:23
KEGNES	WS03	Suspect	1994-05-15 18:30:00	1994-05-15 19:20:00	2023-11-23 17:28:53
KEGNES	WS03	Suspect	1994-05-18 01:10:00	1994-05-18 03:30:00	2023-11-23 17:29:52
KEGNES	WS03	Suspect	1994-06-01 19:40:00	1994-06-01 21:10:00	2023-11-23 17:30:16
KEGNES	WS11	Suspect	1994-06-01 19:40:00	1994-06-01 21:10:00	2023-11-23 17:30:16
KEGNES	WS23	Suspect	1994-06-01 19:40:00	1994-06-01 21:10:00	2023-11-23 17:30:16
KEGNES	WS03	Suspect	1994-06-08 02:30:00	1994-06-08 03:30:00	2023-11-23 17:30:33
KEGNES	WS03	Suspect	1994-06-11 19:50:00	1994-06-11 20:50:00	2023-11-23 17:31:26
KEGNES	WS03	Suspect	1994-06-20 19:50:00	1994-06-20 21:00:00	2023-11-23 17:31:55
KEGNES	WS03	Suspect	1994-07-06 05:10:00	1994-07-06 06:30:00	2023-11-23 17:32:26
KEGNES	WS03	Suspect	1994-07-06 21:00:00	1994-07-07 04:00:00	2023-11-23 17:32:35
KEGNES	WS23	Suspect	1994-07-07 13:40:00	1994-07-07 15:00:00	2023-11-23 17:32:46
KEGNES	WS03	Suspect	1994-07-07 16:40:00	1994-07-07 20:30:00	2023-11-23 17:32:52
KEGNES	WS03	Suspect	1994-07-18 19:10:00	1994-07-18 20:10:00	2023-11-23 17:33:09
KEGNES	WS03	Suspect	1994-07-19 20:20:00	1994-07-19 22:30:00	2023-11-23 17:33:18
KEGNES	WS03	Suspect	1994-07-20 18:20:00	1994-07-20 23:30:00	2023-09-05 11:31:24
KEGNES	WS11	Suspect	1994-07-20 18:20:00	1994-07-20 23:30:00	2023-09-05 11:31:24
KEGNES	WD10	Suspect	1994-07-20 20:20:00	1994-07-20 23:00:00	2023-11-23 19:02:56
KEGNES	WS03	Suspect	1994-07-21 03:30:00	1994-07-21 04:20:00	2023-11-23 17:33:32
KEGNES	WS03	Suspect	1994-07-21 05:50:00	1994-07-21 07:50:00	2023-11-23 17:33:38
KEGNES	WS03	Suspect	1994-07-21 20:50:00	1994-07-21 21:40:00	2023-11-23 17:33:48
KEGNES	WS03	Suspect	1994-07-22 18:30:00	1994-07-22 22:10:00	2023-09-05 11:31:39
KEGNES	WS03	Suspect	1994-07-26 06:50:00	1994-07-26 08:30:00	2023-11-23 17:34:03
KEGNES	WS11	Suspect	1994-07-26 06:50:00	1994-07-26 08:30:00	2023-11-23 17:34:03
KEGNES	WS23	Suspect	1994-07-26 06:50:00	1994-07-26 08:30:00	2023-11-23 17:34:03
KEGNES	WS03	Suspect	1994-07-27 05:10:00	1994-07-27 07:00:00	2023-11-23 17:34:11
KEGNES	WS03	Suspect	1994-07-31 04:40:00	1994-07-31 07:10:00	2023-11-23 17:34:23
KEGNES	WS03	Suspect	1994-08-03 21:20:00	1994-08-03 23:00:00	2023-11-23 17:34:36
KEGNES	WS03	Suspect	1994-08-25 15:00:00	1994-08-25 18:20:00	2023-11-23 17:35:06
KEGNES	WS03	Suspect	1994-08-25 21:20:00	1994-08-26 00:30:00	2023-11-23 17:35:14
KEGNES	WS03	Suspect	1994-08-26 02:00:00	1994-08-26 03:30:00	2023-11-23 17:35:19
KEGNES	WS03	Suspect	1994-08-30 23:30:00	1994-08-31 00:50:00	2023-11-23 17:35:37
KEGNES	WS03	Suspect	1994-08-31 04:10:00	1994-08-31 05:20:00	2023-11-23 17:35:44
KEGNES	WS03	Suspect	1994-09-19 21:00:00	1994-09-20 01:20:00	2023-11-23 17:36:00
KEGNES	WS23	Suspect	1994-09-19 22:00:00	1994-09-19 23:30:00	2023-11-23 17:36:12
KEGNES	WS03	Suspect	1994-09-23 01:40:00	1994-09-23 03:50:00	2023-11-23 17:36:29
KEGNES	WS03	Suspect	1994-09-25 08:10:00	1994-09-25 09:20:00	2023-11-23 17:36:46
KEGNES	WS03	Suspect	1994-10-30 16:10:00	1994-10-30 19:10:00	2023-11-23 17:37:15
KEGNES	WS11	Suspect	1994-10-30 16:10:00	1994-10-30 19:10:00	2023-11-23 17:37:15
KEGNES	WS23	Suspect	1994-10-30 16:10:00	1994-10-30 19:10:00	2023-11-23 17:37:15
KEGNES	WS03	Suspect	1994-11-02 18:40:00	1994-11-02 22:30:00	2023-11-23 17:37:27
KEGNES	WS11	Suspect	1994-11-02 20:40:00	1994-11-02 22:30:00	2023-11-23 17:37:36
KEGNES	WS23	Suspect	1994-11-02 20:40:00	1994-11-02 22:30:00	2023-11-23 17:37:36
KEGNES	WS03	Suspect	1994-11-06 19:10:00	1994-11-07 03:30:00	2023-11-23 17:37:48
KEGNES	WS11	Suspect	1994-11-06 19:10:00	1994-11-07 03:30:00	2023-11-23 17:37:48
KEGNES	WS23	Suspect	1994-11-06 19:10:00	1994-11-07 03:30:00	2023-11-23 17:37:48
KEGNES	WS03	Suspect	1994-11-07 13:40:00	1994-11-07 15:20:00	2023-11-23 17:38:00
KEGNES	WS03	Suspect	1994-11-09 04:30:00	1994-11-09 09:00:00	2023-11-23 17:38:11
KEGNES	WS03	Suspect	1994-11-18 15:50:00	1994-11-18 18:50:00	2023-11-23 17:38:54
KEGNES	WS03	Suspect	1994-11-18 23:40:00	1994-11-19 01:10:00	2023-11-23 17:39:00
KEGNES	WS11	Suspect	1994-11-18 23:40:00	1994-11-19 01:10:00	2023-11-23 17:39:00
KEGNES	WS23	Suspect	1994-11-18 23:40:00	1994-11-19 01:10:00	2023-11-23 17:39:00
KEGNES	WD10	Icing	1994-12-22 01:10:00	1994-12-22 11:00:00	2023-09-05 13:14:31
KEGNES	WD23	Icing	1994-12-22 01:10:00	1994-12-22 11:00:00	2023-09-05 13:14:31
KEGNES	WS11	Icing	1994-12-22 01:10:00	1994-12-22 11:00:00	2023-09-05 13:14:09
KEGNES	WS23	Icing	1994-12-22 01:10:00	1994-12-22 11:00:00	2023-09-05 13:14:09
KEGNES	WS03	Suspect	1995-01-03 15:20:00	1995-01-03 16:40:00	2023-11-23 17:40:06
KEGNES	WS03	Suspect	1995-01-04 03:10:00	1995-01-04 05:10:00	2023-11-23 17:40:15
KEGNES	WS11	Suspect	1995-01-04 03:10:00	1995-01-04 05:10:00	2023-11-23 17:40:15
KEGNES	WS23	Suspect	1995-01-04 06:10:00	1995-01-04 08:20:00	2023-11-23 17:40:21
KEGNES	WS03	Suspect	1995-01-04 10:00:00	1995-01-04 12:30:00	2023-11-23 17:40:27
KEGNES	WS11	Suspect	1995-01-04 10:00:00	1995-01-04 12:30:00	2023-11-23 17:40:27
KEGNES	WS23	Suspect	1995-01-04 10:00:00	1995-01-04 12:30:00	2023-11-23 17:40:27
KEGNES	WD10	Icing	1995-01-08 18:00:00	1995-01-09 00:20:00	2023-11-23 17:40:56
KEGNES	WD23	Icing	1995-01-08 18:00:00	1995-01-09 00:20:00	2023-11-23 17:40:56
KEGNES	WS11	Instrument failure	1995-01-08 18:00:00	1995-01-09 00:20:00	2023-09-05 13:15:26
KEGNES	WS23	Instrument failure	1995-01-08 18:00:00	1995-01-09 00:20:00	2023-09-05 13:15:26
KEGNES	WS03	Suspect	1995-01-08 22:10:00	1995-01-09 00:20:00	2023-09-05 13:15:46
KEGNES	WS11	Icing	1995-01-15 13:10:00	1995-01-15 14:40:00	2023-11-23 17:41:16
KEGNES	WS03	Icing	1995-01-29 10:10:00	1995-01-29 11:50:00	2023-11-23 17:41:32
KEGNES	WS03	Icing	1995-04-10 02:00:00	1995-04-10 04:20:00	2023-11-23 17:42:45
KEGNES	WS03	Icing	1995-04-19 22:40:00	1995-04-20 00:30:00	2023-11-23 17:43:25
KEGNES	WS11	Icing	1995-04-19 22:40:00	1995-04-20 00:30:00	2023-11-23 17:43:37
KEGNES	WS23	Icing	1995-04-19 22:40:00	1995-04-20 00:30:00	2023-11-23 17:43:37
KEGNES	WS03	Icing	1995-04-29 19:50:00	1995-04-29 22:30:00	2023-11-23 17:43:57
KEGNES	WS03	Suspect	1995-05-03 02:30:00	1995-05-03 05:10:00	2023-09-05 13:17:18
KEGNES	WS03	Suspect	1995-05-03 06:30:00	1995-05-03 08:00:00	2023-11-23 17:44:25
KEGNES	WS11	Suspect	1995-05-03 06:30:00	1995-05-03 08:00:00	2023-11-23 17:44:25
KEGNES	WS03	Suspect	1995-05-10 02:50:00	1995-05-10 07:20:00	2023-11-23 17:44:43
KEGNES	WS03	Suspect	1995-05-22 22:50:00	1995-05-23 05:40:00	2023-09-05 13:17:40
KEGNES	WS03	Suspect	1995-06-04 19:40:00	1995-06-04 21:20:00	2023-11-23 17:45:12
KEGNES	WS03	Suspect	1995-06-11 19:50:00	1995-06-11 21:40:00	2023-11-23 17:45:25
KEGNES	WS03	Suspect	1995-06-12 03:40:00	1995-06-12 06:00:00	2023-11-23 17:45:31
KEGNES	WS11	Suspect	1995-06-12 03:40:00	1995-06-12 06:00:00	2023-11-23 17:46:29
KEGNES	WS23	Suspect	1995-06-12 03:40:00	1995-06-12 06:00:00	2023-11-23 17:46:29
KEGNES	WS03	Suspect	1995-06-12 18:40:00	1995-06-12 22:50:00	2023-11-23 17:45:42
KEGNES	WS03	Suspect	1995-06-20 23:20:00	1995-06-21 06:10:00	2023-11-23 17:46:54
KEGNES	WS03	Suspect	1995-06-26 16:50:00	1995-06-27 02:10:00	2023-11-23 17:47:20
KEGNES	WS11	Suspect	1995-06-26 16:50:00	1995-06-27 02:10:00	2023-11-23 17:47:20
KEGNES	WS23	Suspect	1995-06-26 16:50:00	1995-06-27 02:10:00	2023-11-23 17:47:20
KEGNES	WS03	Suspect	1995-07-08 20:40:00	1995-07-08 22:00:00	2023-11-23 17:49:37
KEGNES	WS11	Suspect	1995-07-08 20:40:00	1995-07-08 22:00:00	2023-11-23 17:49:37
KEGNES	WS03	Suspect	1995-07-13 07:40:00	1995-07-13 09:10:00	2023-11-23 17:49:50
KEGNES	WS03	Suspect	1995-07-14 22:40:00	1995-07-14 23:30:00	2023-11-23 17:50:04
KEGNES	WS03	Suspect	1995-07-15 23:50:00	1995-07-16 02:20:00	2023-11-23 17:50:11
KEGNES	WS03	Suspect	1995-07-20 22:20:00	1995-07-21 08:00:00	2023-09-05 13:18:20
KEGNES	WS11	Suspect	1995-07-21 02:20:00	1995-07-21 04:10:00	2023-11-23 17:50:31
KEGNES	WS03	Suspect	1995-07-29 05:50:00	1995-07-29 07:30:00	2023-11-23 17:50:48
KEGNES	WS03	Suspect	1995-08-17 02:00:00	1995-08-17 06:10:00	2023-09-05 13:19:01
KEGNES	WS03	Suspect	1995-08-17 22:40:00	1995-08-18 08:30:00	2023-11-23 17:51:07
KEGNES	WS11	Suspect	1995-08-17 22:40:00	1995-08-18 08:30:00	2023-11-23 17:51:07
KEGNES	WS23	Suspect	1995-08-17 22:40:00	1995-08-18 08:30:00	2023-11-23 17:51:07
KEGNES	WS03	Suspect	1995-08-19 01:10:00	1995-08-19 09:00:00	2023-11-23 17:51:18
KEGNES	WS11	Suspect	1995-08-19 01:10:00	1995-08-19 09:00:00	2023-11-23 17:51:18
KEGNES	WS23	Suspect	1995-08-19 01:10:00	1995-08-19 09:00:00	2023-11-23 17:51:18
KEGNES	WS03	Suspect	1995-08-20 01:20:00	1995-08-20 04:30:00	2023-11-23 17:51:28
KEGNES	WS03	Suspect	1995-08-21 01:50:00	1995-08-21 02:40:00	2023-11-23 17:51:39
KEGNES	WS03	Suspect	1995-09-12 18:00:00	1995-09-13 00:20:00	2023-09-05 13:19:23
KEGNES	WS03	Suspect	1995-10-10 10:30:00	1995-10-10 12:20:00	2023-11-23 17:54:09
KEGNES	WS03	Suspect	1995-10-10 14:00:00	1995-10-10 15:30:00	2023-11-23 17:54:15
KEGNES	WS03	Suspect	1995-10-12 14:30:00	1995-10-12 15:40:00	2023-11-23 17:54:24
KEGNES	WS03	Suspect	1995-10-14 04:20:00	1995-10-14 11:50:00	2023-11-23 17:54:33
KEGNES	WS03	Suspect	1995-11-09 14:30:00	1995-11-09 16:00:00	2023-11-23 17:55:11
KEGNES	WS03	Suspect	1995-12-08 20:10:00	1995-12-08 21:20:00	2023-11-23 17:55:38
KEGNES	WS03	Suspect	1995-12-09 05:50:00	1995-12-09 07:00:00	2023-11-23 17:55:49
KEGNES	WS11	Suspect	1995-12-09 05:50:00	1995-12-09 07:00:00	2023-11-23 17:55:49
KEGNES	WS23	Suspect	1995-12-09 05:50:00	1995-12-09 07:00:00	2023-11-23 17:55:49
KEGNES	WS03	Suspect	1995-12-13 04:20:00	1995-12-13 06:40:00	2023-11-23 17:56:12
KEGNES	WS11	Suspect	1995-12-13 04:20:00	1995-12-13 06:40:00	2023-11-23 17:56:12
KEGNES	WS23	Suspect	1995-12-13 04:20:00	1995-12-13 06:40:00	2023-11-23 17:56:12
KEGNES	WS03	Suspect	1995-12-13 07:50:00	1995-12-13 15:20:00	2023-11-23 17:56:22
KEGNES	WS11	Suspect	1995-12-13 07:50:00	1995-12-13 15:20:00	2023-11-23 17:56:22
KEGNES	WS23	Suspect	1995-12-13 07:50:00	1995-12-13 15:20:00	2023-11-23 17:56:22
KEGNES	WS03	Suspect	1995-12-15 12:20:00	1995-12-15 14:20:00	2023-09-05 13:43:19
KEGNES	WS03	Suspect	1995-12-15 18:10:00	1995-12-15 20:40:00	2023-09-05 13:43:27
KEGNES	WS03	Suspect	1995-12-18 00:00:00	1995-12-18 03:20:00	2023-09-05 13:43:41
KEGNES	WS03	Suspect	1995-12-18 05:20:00	1995-12-18 08:00:00	2023-09-05 13:43:58
KEGNES	WS03	Suspect	1995-12-26 22:10:00	1995-12-26 23:50:00	2023-11-23 17:56:59
KEGNES	WS03	Suspect	1995-12-29 05:00:00	1995-12-29 07:20:00	2023-11-23 17:57:12
KEGNES	WD10	Icing	1996-01-14 20:00:00	1996-01-19 15:00:00	2023-09-05 13:44:56
KEGNES	WS11	Icing	1996-01-16 19:20:00	1996-01-19 15:10:00	2023-09-05 13:44:30
KEGNES	WS23	Icing	1996-01-16 19:20:00	1996-01-19 15:10:00	2023-09-05 13:44:30
KEGNES	WS03	Icing	1996-02-26 17:20:00	1996-02-27 03:30:00	2023-11-23 17:58:33
KEGNES	WS03	Icing	1996-02-27 16:40:00	1996-02-27 22:20:00	2023-11-23 17:58:41
KEGNES	WS03	Icing	1996-03-03 17:20:00	1996-03-03 21:00:00	2023-11-23 17:58:10
KEGNES	WS11	Icing	1996-03-03 17:20:00	1996-03-03 21:00:00	2023-11-23 17:58:10
KEGNES	WS03	Icing	1996-03-25 04:10:00	1996-03-25 08:20:00	2023-11-23 17:59:04
KEGNES	WS11	Icing	1996-03-25 04:10:00	1996-03-25 08:20:00	2023-11-23 17:59:37
KEGNES	WS23	Icing	1996-03-25 04:10:00	1996-03-25 08:20:00	2023-11-23 17:59:37
KEGNES	WS03	Icing	1996-03-26 01:50:00	1996-03-26 03:40:00	2023-11-23 17:59:16
KEGNES	WS11	Icing	1996-03-26 01:50:00	1996-03-26 03:40:00	2023-11-23 17:59:16
KEGNES	WS23	Icing	1996-03-26 01:50:00	1996-03-26 03:40:00	2023-11-23 17:59:16
KEGNES	WS03	Icing	1996-03-31 22:10:00	1996-04-01 01:10:00	2023-11-23 17:59:50
KEGNES	WS03	Icing	1996-04-01 20:50:00	1996-04-02 00:50:00	2023-11-23 17:59:57
KEGNES	WS03	Icing	1996-04-02 18:10:00	1996-04-02 20:30:00	2023-11-23 18:00:06
KEGNES	WS03	Icing	1996-04-09 18:00:00	1996-04-09 22:50:00	2023-11-23 18:00:22
KEGNES	WS03	Suspect	1996-04-10 03:10:00	1996-04-10 11:30:00	2023-11-23 18:00:34
KEGNES	WS03	Suspect	1996-04-14 19:10:00	1996-04-14 21:10:00	2023-11-23 18:01:07
KEGNES	WS03	Suspect	1996-04-15 22:00:00	1996-04-16 02:30:00	2023-11-23 18:00:53
KEGNES	WS03	Suspect	1996-04-18 21:30:00	1996-04-18 23:50:00	2023-11-23 18:01:18
KEGNES	WS11	Suspect	1996-04-18 21:30:00	1996-04-18 23:50:00	2023-11-23 18:01:18
KEGNES	WS23	Suspect	1996-04-18 21:30:00	1996-04-18 23:50:00	2023-11-23 18:01:18
KEGNES	WS03	Suspect	1996-04-19 22:30:00	1996-04-20 01:20:00	2023-09-05 13:46:18
KEGNES	WS11	Suspect	1996-04-19 22:30:00	1996-04-20 01:20:00	2023-09-05 13:46:18
KEGNES	WS03	Suspect	1996-04-27 01:10:00	1996-04-27 06:40:00	2023-11-23 18:01:37
KEGNES	WS11	Suspect	1996-04-27 01:10:00	1996-04-27 06:40:00	2023-11-23 18:01:37
KEGNES	WS23	Suspect	1996-04-27 01:10:00	1996-04-27 06:40:00	2023-11-23 18:01:37
KEGNES	WS03	Suspect	1996-04-27 23:10:00	1996-04-28 02:40:00	2023-11-23 18:01:55
KEGNES	WS11	Suspect	1996-04-27 23:10:00	1996-04-28 02:40:00	2023-11-23 18:01:55
KEGNES	WS03	Suspect	1996-04-30 03:10:00	1996-04-30 08:10:00	2023-11-23 18:02:04
KEGNES	WD10	Suspect	1996-05-10 14:40:00	1996-05-10 16:10:00	2023-11-23 18:02:36
KEGNES	WS03	Suspect	1996-05-12 18:00:00	1996-05-12 21:10:00	2023-11-23 18:03:02
KEGNES	WS03	Suspect	1996-05-16 19:50:00	1996-05-16 22:20:00	2023-11-23 18:03:16
KEGNES	WS03	Suspect	1996-05-18 08:20:00	1996-05-18 10:20:00	2023-11-23 18:03:25
KEGNES	WS03	Suspect	1996-06-02 20:00:00	1996-06-03 04:00:00	2023-09-05 13:57:10
KEGNES	WS03	Suspect	1996-06-06 21:00:00	1996-06-07 01:20:00	2023-11-23 18:03:46
KEGNES	WS03	Suspect	1996-06-07 05:40:00	1996-06-07 07:00:00	2023-11-23 18:04:21
KEGNES	WS03	Suspect	1996-06-10 22:20:00	1996-06-10 23:50:00	2023-11-23 18:04:37
KEGNES	WS11	Suspect	1996-06-10 22:20:00	1996-06-10 23:50:00	2023-11-23 18:04:37
KEGNES	WS03	Suspect	1996-06-28 16:20:00	1996-06-28 18:40:00	2023-11-23 18:05:08
KEGNES	WS11	Suspect	1996-06-28 16:20:00	1996-06-28 18:40:00	2023-11-23 18:05:08
KEGNES	WS03	Suspect	1996-07-19 20:00:00	1996-07-19 23:50:00	2023-11-23 18:05:39
KEGNES	WS23	Suspect	1996-07-20 00:10:00	1996-07-20 01:30:00	2023-11-23 18:05:48
KEGNES	WS03	Suspect	1996-07-21 20:10:00	1996-07-21 23:20:00	2023-09-05 13:57:47
KEGNES	WS03	Suspect	1996-07-22 01:40:00	1996-07-22 04:50:00	2023-09-05 13:57:56
KEGNES	WS03	Suspect	1996-07-22 07:10:00	1996-07-22 09:10:00	2023-09-05 13:58:03
KEGNES	WS03	Suspect	1996-07-24 18:40:00	1996-07-24 20:20:00	2023-11-23 18:06:05
KEGNES	WS11	Suspect	1996-07-24 18:40:00	1996-07-24 20:20:00	2023-11-23 18:06:05
KEGNES	WS23	Suspect	1996-07-24 18:40:00	1996-07-24 20:20:00	2023-11-23 18:06:05
KEGNES	WS03	Suspect	1996-07-29 06:00:00	1996-07-29 08:00:00	2023-09-05 13:58:15
KEGNES	WS03	Suspect	1996-08-04 19:40:00	1996-08-04 21:40:00	2023-09-05 13:58:30
KEGNES	WS03	Suspect	1996-08-07 17:50:00	1996-08-07 19:00:00	2023-11-23 18:06:50
KEGNES	WS11	Suspect	1996-08-07 17:50:00	1996-08-07 19:00:00	2023-11-23 18:06:50
KEGNES	WS23	Suspect	1996-08-07 17:50:00	1996-08-07 19:00:00	2023-11-23 18:06:50
KEGNES	WS03	Suspect	1996-08-14 18:10:00	1996-08-14 20:10:00	2023-11-23 18:07:05
KEGNES	WS11	Suspect	1996-08-14 18:10:00	1996-08-14 20:10:00	2023-11-23 18:07:05
KEGNES	WS03	Suspect	1996-08-14 21:00:00	1996-08-14 22:40:00	2023-11-23 18:07:13
KEGNES	WS11	Suspect	1996-08-14 21:00:00	1996-08-14 22:40:00	2023-11-23 18:07:13
KEGNES	WS23	Suspect	1996-08-14 21:00:00	1996-08-14 22:40:00	2023-11-23 18:07:13
KEGNES	WS03	Suspect	1996-08-16 18:30:00	1996-08-16 19:30:00	2023-11-23 18:07:24
KEGNES	WS11	Suspect	1996-08-16 18:30:00	1996-08-16 19:30:00	2023-11-23 18:07:24
KEGNES	WS23	Suspect	1996-08-16 18:30:00	1996-08-16 19:30:00	2023-11-23 18:07:24
KEGNES	WS03	Suspect	1996-08-18 04:10:00	1996-08-18 07:10:00	2023-11-23 18:07:34
KEGNES	WS11	Suspect	1996-08-18 04:10:00	1996-08-18 07:10:00	2023-11-23 18:07:34
KEGNES	WS03	Suspect	1996-08-25 19:10:00	1996-08-25 20:10:00	2023-11-23 18:08:04
KEGNES	WS11	Suspect	1996-08-25 19:10:00	1996-08-25 20:10:00	2023-11-23 18:08:04
KEGNES	WS03	Suspect	1996-08-25 22:10:00	1996-08-26 00:30:00	2023-09-05 14:00:19
KEGNES	WS11	Suspect	1996-08-25 22:10:00	1996-08-26 00:30:00	2023-11-23 18:07:55
KEGNES	WS23	Suspect	1996-08-25 22:10:00	1996-08-26 00:30:00	2023-11-23 18:07:55
KEGNES	WS03	Suspect	1996-08-27 06:20:00	1996-08-27 08:30:00	2023-09-05 14:00:33
KEGNES	WS03	Suspect	1996-09-09 21:10:00	1996-09-10 00:20:00	2023-09-05 14:00:55
KEGNES	WS03	Suspect	1996-09-11 01:40:00	1996-09-11 02:40:00	2023-11-23 18:08:45
KEGNES	WS03	Suspect	1996-10-11 02:10:00	1996-10-11 02:50:00	2023-11-23 18:09:31
KEGNES	WS03	Suspect	1996-10-15 21:50:00	1996-10-15 23:40:00	2023-09-05 14:01:33
KEGNES	WS11	Suspect	1996-10-15 21:50:00	1996-10-15 23:40:00	2023-09-05 14:01:33
KEGNES	WS03	Suspect	1996-10-16 02:00:00	1996-10-16 02:40:00	2023-11-23 18:09:41
KEGNES	WS11	Suspect	1996-10-16 02:00:00	1996-10-16 02:40:00	2023-11-23 18:09:41
KEGNES	WS23	Suspect	1996-10-16 02:00:00	1996-10-16 02:40:00	2023-11-23 18:09:41
KEGNES	WS03	Suspect	1996-10-16 04:10:00	1996-10-16 06:00:00	2023-11-23 18:09:47
KEGNES	WS11	Suspect	1996-10-16 04:10:00	1996-10-16 06:00:00	2023-11-23 18:09:47
KEGNES	WS23	Suspect	1996-10-16 04:10:00	1996-10-16 06:00:00	2023-11-23 18:09:47
KEGNES	WS03	Suspect	1996-10-16 07:00:00	1996-10-16 08:00:00	2023-11-23 18:09:55
KEGNES	WS03	Suspect	1996-10-22 21:30:00	1996-10-22 23:20:00	2023-09-05 14:01:49
KEGNES	WS03	Suspect	1996-10-23 07:20:00	1996-10-23 10:10:00	2023-11-23 18:10:21
KEGNES	WS11	Suspect	1996-11-14 21:40:00	1996-11-14 23:00:00	2023-11-23 18:10:54
KEGNES	WS03	Icing	1996-12-25 23:30:00	1996-12-26 12:00:00	2023-11-23 19:04:23
KEGNES	WS03	Instrument failure	1996-12-28 04:30:00	1996-12-28 10:50:00	2023-09-05 14:04:33
KEGNES	WD10	Icing	1997-01-15 23:50:00	1997-01-17 13:30:00	2023-09-05 14:09:18
KEGNES	WD23	Icing	1997-01-15 23:50:00	1997-01-17 13:30:00	2023-09-05 14:09:18
KEGNES	WS03	Icing	1997-01-16 03:10:00	1997-01-17 15:00:00	2023-09-05 14:09:09
KEGNES	WS11	Icing	1997-01-16 03:10:00	1997-01-17 15:00:00	2023-09-05 14:09:09
KEGNES	WS23	Icing	1997-01-16 03:10:00	1997-01-17 15:00:00	2023-09-05 14:09:09
KEGNES	WD23	Icing	1997-01-20 20:40:00	1997-01-21 14:00:00	2023-09-05 14:09:45
KEGNES	WD10	Icing	1997-01-27 12:40:00	1997-01-27 21:20:00	2023-09-05 14:10:24
KEGNES	WD10	Suspect	1997-02-01 14:30:00	1997-02-01 18:10:00	2023-11-23 18:13:01
KEGNES	WD23	Suspect	1997-02-01 14:30:00	1997-02-01 18:10:00	2023-11-23 18:13:01
KEGNES	WS03	Suspect	1997-02-01 14:30:00	1997-02-01 18:10:00	2023-11-23 18:13:01
KEGNES	WS11	Suspect	1997-02-01 14:30:00	1997-02-01 18:10:00	2023-11-23 18:13:01
KEGNES	WS23	Suspect	1997-02-01 14:30:00	1997-02-01 18:10:00	2023-11-23 18:13:01
KEGNES	WD10	Icing	1997-02-01 19:10:00	1997-02-01 23:50:00	2023-11-23 18:13:18
KEGNES	WD10	Suspect	1997-03-10 19:50:00	1997-03-10 23:10:00	2023-11-23 18:13:53
KEGNES	WD10	Suspect	1997-03-16 19:20:00	1997-03-16 23:40:00	2023-11-23 18:14:08
KEGNES	WS03	Icing	1997-03-19 23:10:00	1997-03-20 08:30:00	2023-09-05 14:12:49
KEGNES	WS11	Suspect	1997-05-07 20:30:00	1997-05-08 11:30:00	2023-09-05 14:14:00
KEGNES	WD10	Suspect	1997-06-13 19:40:00	1997-06-13 21:20:00	2023-11-23 18:15:58
KEGNES	WD10	Suspect	1997-06-13 22:20:00	1997-06-14 00:50:00	2023-11-23 18:15:51
KEGNES	WS23	Suspect	1997-06-14 00:40:00	1997-06-14 03:10:00	2023-09-05 14:15:27
KEGNES	WD10	Suspect	1997-06-14 03:30:00	1997-06-14 05:30:00	2023-11-23 18:16:10
KEGNES	WS11	Suspect	1997-09-18 22:40:00	1997-09-19 02:00:00	2023-09-05 14:16:45
KEGNES	WS11	Suspect	1997-09-25 01:20:00	1997-09-25 08:40:00	2023-11-23 18:18:05
KEGNES	WS11	Suspect	1997-09-29 18:30:00	1997-09-29 19:20:00	2023-09-05 14:17:17
KEGNES	WS11	Suspect	1997-12-23 23:30:00	1997-12-24 01:00:00	2023-11-23 18:19:50
KEGNES	WS11	Suspect	1997-12-24 06:40:00	1997-12-24 09:00:00	2023-11-23 18:19:33
KEGNES	WS11	Suspect	1997-12-24 14:00:00	1997-12-24 15:20:00	2023-11-23 18:19:20
KEGNES	WS11	Suspect	1997-12-29 17:10:00	1997-12-29 19:50:00	2023-11-23 18:20:12
KEGNES	WS11	Suspect	1998-01-03 03:40:00	1998-01-03 05:10:00	2023-11-23 18:20:27
KEGNES	WS11	Suspect	1998-01-05 20:50:00	1998-01-05 21:50:00	2023-11-23 18:20:43
KEGNES	WS11	Suspect	1998-01-13 02:50:00	1998-01-13 09:50:00	2023-11-23 18:20:59
KEGNES	WS11	Suspect	1998-01-19 13:30:00	1998-01-19 17:00:00	2023-11-23 18:21:15
KEGNES	WS11	Suspect	1998-01-21 23:40:00	1998-01-22 01:50:00	2023-11-23 18:21:26
KEGNES	WS11	Suspect	1998-01-22 12:00:00	1998-01-22 12:50:00	2023-11-23 18:21:44
KEGNES	WD10	Icing	1998-01-25 15:10:00	1998-01-25 19:30:00	2023-11-23 18:22:10
KEGNES	WD23	Icing	1998-01-25 15:10:00	1998-01-25 19:30:00	2023-11-23 18:22:10
KEGNES	WS03	Icing	1998-01-25 16:30:00	1998-01-25 18:00:00	2023-11-23 18:22:16
KEGNES	WS11	Icing	1998-01-25 16:30:00	1998-01-25 18:00:00	2023-11-23 18:22:16
KEGNES	WS23	Icing	1998-01-25 16:30:00	1998-01-25 18:00:00	2023-11-23 18:22:16
KEGNES	WS11	Icing	1998-01-28 11:00:00	1998-01-28 12:10:00	2023-11-23 18:22:41
KEGNES	WS11	Icing	1998-01-28 13:50:00	1998-01-28 14:40:00	2023-11-23 18:22:47
KEGNES	WS11	Icing	1998-03-22 02:00:00	1998-03-22 04:10:00	2023-11-23 18:23:54
KEGNES	WS11	Icing	1998-03-22 07:00:00	1998-03-22 13:10:00	2023-11-23 18:24:02
KEGNES	WS11	Suspect	1998-05-16 05:30:00	1998-05-16 11:40:00	2023-09-05 14:21:34
KEGNES	WS11	Suspect	1998-05-18 04:10:00	1998-05-18 06:50:00	2023-09-05 14:21:44
KEGNES	WS23	Icing	1998-05-26 02:20:00	1998-05-26 04:20:00	2023-11-23 18:25:24
KEGNES	WS23	Icing	1998-06-07 12:00:00	1998-06-07 13:20:00	2023-11-23 18:25:49
KEGNES	WS11	Icing	1998-06-15 14:10:00	1998-06-15 17:20:00	2023-11-23 18:26:01
KEGNES	WD10	Suspect	1998-08-02 00:30:00	1998-08-02 09:10:00	2023-11-23 18:26:42
KEGNES	WD10	Suspect	1998-08-09 21:10:00	1998-08-10 08:50:00	2023-11-23 18:27:10
KEGNES	WD10	Suspect	1998-09-13 06:00:00	1998-09-13 09:20:00	2023-11-23 18:27:42
KEGNES	WS23	Suspect	1998-09-22 02:00:00	1998-09-22 03:40:00	2023-11-23 18:27:58
KEGNES	WD10	Suspect	1998-12-13 05:30:00	1998-12-13 08:50:00	2023-11-23 18:29:25
KEGNES	WD10	Icing	1998-12-21 22:10:00	1998-12-22 01:50:00	2023-11-23 18:29:40
KEGNES	WD23	Icing	1998-12-21 22:10:00	1998-12-22 01:50:00	2023-11-23 18:29:40
KEGNES	WS03	Icing	1998-12-21 22:10:00	1998-12-22 01:50:00	2023-11-23 18:29:45
KEGNES	WS11	Icing	1998-12-21 22:10:00	1998-12-22 01:50:00	2023-11-23 18:29:45
KEGNES	WS23	Icing	1998-12-21 22:10:00	1998-12-22 01:50:00	2023-11-23 18:29:45
KEGNES	WS03	Icing	1999-01-29 19:50:00	1999-01-30 09:20:00	2023-09-05 14:26:39
KEGNES	WD10	Icing	1999-02-08 14:30:00	1999-02-08 16:50:00	2023-11-23 18:30:31
KEGNES	WD23	Icing	1999-02-08 14:30:00	1999-02-08 16:50:00	2023-11-23 18:30:31
KEGNES	WS03	Icing	1999-02-08 14:30:00	1999-02-08 16:50:00	2023-11-23 18:30:31
KEGNES	WS11	Icing	1999-02-08 14:30:00	1999-02-08 16:50:00	2023-11-23 18:30:31
KEGNES	WS23	Icing	1999-02-08 14:30:00	1999-02-08 16:50:00	2023-11-23 18:30:31
KEGNES	WD10	Icing	1999-02-11 16:30:00	1999-02-11 20:10:00	2023-11-23 18:30:52
KEGNES	WD23	Icing	1999-02-11 16:30:00	1999-02-11 20:10:00	2023-11-23 18:30:52
KEGNES	WS03	Icing	1999-02-11 16:30:00	1999-02-11 20:10:00	2023-11-23 18:30:52
KEGNES	WS11	Icing	1999-02-11 16:30:00	1999-02-11 20:10:00	2023-11-23 18:30:52
KEGNES	WS23	Icing	1999-02-11 16:30:00	1999-02-11 20:10:00	2023-11-23 18:30:52
KEGNES	WS03	Icing	1999-02-13 03:10:00	1999-02-13 14:10:00	2023-09-05 14:27:35
KEGNES	WD10	Icing	1999-02-13 05:20:00	1999-02-13 14:10:00	2023-09-05 14:27:54
KEGNES	WD23	Icing	1999-02-13 05:20:00	1999-02-13 14:10:00	2023-09-05 14:27:54
KEGNES	WS03	Icing	1999-02-13 22:30:00	1999-02-14 07:30:00	2023-09-05 14:27:44
KEGNES	WD10	Suspect	1999-04-04 15:40:00	1999-04-04 20:20:00	2023-11-23 18:31:54
KEGNES	WS23	Suspect	1999-04-04 18:10:00	1999-04-04 20:50:00	2023-09-05 14:29:14
KEGNES	WD10	Suspect	1999-05-10 04:40:00	1999-05-10 08:20:00	2023-11-23 18:32:38
KEGNES	WD10	Suspect	1999-05-10 20:50:00	1999-05-11 01:10:00	2023-11-23 18:32:47
KEGNES	WD10	Suspect	1999-05-27 07:10:00	1999-05-27 10:30:00	2023-11-23 18:33:06
KEGNES	WD10	Suspect	1999-06-03 18:20:00	1999-06-03 22:20:00	2023-11-23 18:33:16
KEGNES	WD10	Suspect	1999-06-12 20:20:00	1999-06-12 22:30:00	2023-11-23 18:33:35
KEGNES	WD23	Suspect	1999-06-12 20:20:00	1999-06-12 22:30:00	2023-11-23 18:33:35
KEGNES	WS03	Suspect	1999-06-12 20:20:00	1999-06-12 22:30:00	2023-11-23 18:33:35
KEGNES	WS11	Suspect	1999-06-12 20:20:00	1999-06-12 22:30:00	2023-11-23 18:33:35
KEGNES	WS23	Suspect	1999-06-12 20:20:00	1999-06-12 22:30:00	2023-11-23 18:33:35
KEGNES	WD10	Suspect	1999-08-07 04:50:00	1999-08-07 07:20:00	2023-11-23 18:35:01
KEGNES	WD10	Suspect	1999-08-17 04:00:00	1999-08-17 07:30:00	2023-11-23 18:34:49
KEGNES	WD10	Suspect	1999-08-29 23:30:00	1999-08-30 03:40:00	2023-11-23 18:35:34
KEGNES	WS23	Suspect	1999-09-17 22:00:00	1999-09-18 00:10:00	2023-09-05 14:30:56
KEGNES	WS23	Suspect	1999-10-10 05:10:00	1999-10-10 06:10:00	2023-09-05 14:31:21
KEGNES	WD10	Suspect	1999-11-08 12:30:00	1999-11-08 18:40:00	2023-11-23 18:36:44
KEGNES	WD10	Suspect	1999-11-09 01:30:00	1999-11-09 07:10:00	2023-11-23 18:36:50
KEGNES	WD10	Suspect	1999-11-11 08:00:00	1999-11-11 09:50:00	2023-11-23 18:37:15
KEGNES	WS03	Suspect	1999-11-11 08:00:00	1999-11-11 09:50:00	2023-11-23 18:37:15
KEGNES	WS11	Suspect	1999-11-11 08:00:00	1999-11-11 09:50:00	2023-11-23 18:37:15
KEGNES	WS23	Suspect	1999-11-11 08:00:00	1999-11-11 09:50:00	2023-11-23 18:37:15
KEGNES	WS11	Suspect	1999-11-15 09:20:00	1999-11-15 13:10:00	2023-11-23 18:37:32
KEGNES	WS23	Suspect	1999-11-15 09:20:00	1999-11-15 13:10:00	2023-11-23 18:37:32
KEGNES	WD10	Suspect	1999-11-21 22:10:00	1999-11-22 01:00:00	2023-11-23 18:37:51
KEGNES	WS23	Suspect	1999-11-21 22:10:00	1999-11-22 01:50:00	2023-09-05 14:32:02
KEGNES	WD10	Suspect	1999-12-12 13:50:00	1999-12-12 17:40:00	2023-11-23 18:38:25
KEGNES	WD23	Suspect	1999-12-12 13:50:00	1999-12-12 17:40:00	2023-11-23 18:38:25
KEGNES	WS03	Suspect	1999-12-12 13:50:00	1999-12-12 17:40:00	2023-09-05 14:32:23
KEGNES	WS11	Suspect	1999-12-12 13:50:00	1999-12-12 17:40:00	2023-11-23 18:38:25
KEGNES	WS23	Suspect	1999-12-12 13:50:00	1999-12-12 17:40:00	2023-11-23 18:38:25
KEGNES	WD10	Suspect	2000-01-14 12:20:00	2000-01-14 23:30:00	2023-11-23 18:39:15
KEGNES	WD10	Suspect	2000-01-21 19:00:00	2000-01-21 22:30:00	2023-11-23 18:39:29
KEGNES	WD23	Suspect	2000-01-21 19:00:00	2000-01-21 22:30:00	2023-11-23 18:39:29
KEGNES	WS23	Suspect	2000-01-21 19:00:00	2000-01-21 22:30:00	2023-09-05 14:32:55
KEGNES	WS23	Suspect	2000-01-23 11:00:00	2000-01-23 13:50:00	2023-09-05 14:33:17
KEGNES	WS23	Icing	2000-01-24 05:40:00	2000-01-24 11:10:00	2023-09-05 14:33:34
KEGNES	WD10	Suspect	2000-02-17 18:10:00	2000-02-17 23:00:00	2023-11-23 18:40:15
KEGNES	WD23	Suspect	2000-02-17 18:10:00	2000-02-17 23:00:00	2023-11-23 18:40:15
KEGNES	WS03	Suspect	2000-02-17 18:10:00	2000-02-17 23:00:00	2023-11-23 18:40:15
KEGNES	WS11	Suspect	2000-02-17 18:10:00	2000-02-17 23:00:00	2023-11-23 18:40:15
KEGNES	WS23	Suspect	2000-02-17 18:10:00	2000-02-17 23:00:00	2023-11-23 18:40:15
KEGNES	WS23	Instrument failure	2000-03-10 11:20:00	2000-03-10 17:40:00	2023-09-05 14:34:03
KEGNES	WS23	Suspect	2000-03-11 22:30:00	2000-03-12 03:30:00	2023-09-05 14:34:22
KEGNES	WS23	Instrument failure	2000-03-13 01:50:00	2000-03-13 04:10:00	2023-09-05 14:34:43
KEGNES	WS23	Instrument failure	2000-03-15 19:30:00	2000-03-15 23:50:00	2023-09-05 14:34:54
KEGNES	WD10	Suspect	2000-03-15 20:10:00	2000-03-15 23:50:00	2023-11-23 18:41:01
KEGNES	WS23	Instrument failure	2000-03-17 16:20:00	2000-03-18 07:10:00	2023-09-05 14:35:08
KEGNES	WD10	Suspect	2000-03-17 16:20:00	2000-03-18 07:10:00	2023-11-23 18:41:10
KEGNES	WS23	Instrument failure	2000-03-23 05:40:00	2000-03-23 09:00:00	2023-09-05 14:35:21
KEGNES	WS23	Instrument failure	2000-03-23 21:40:00	2000-03-24 00:00:00	2023-09-05 14:35:29
KEGNES	WS23	Instrument failure	2000-03-25 20:50:00	2000-03-26 12:10:00	2023-09-05 14:35:41
KEGNES	WS23	Suspect	2000-03-27 03:40:00	2000-03-27 10:50:00	2023-11-23 18:41:31
KEGNES	WD23	Suspect	2000-03-31 02:10:00	2000-03-31 05:50:00	2023-11-23 18:42:11
KEGNES	WD23	Suspect	2000-03-31 12:00:00	2000-03-31 15:10:00	2023-11-23 18:41:59
KEGNES	WD10	Suspect	2000-04-01 20:20:00	2000-04-02 01:40:00	2023-11-23 18:42:20
KEGNES	WD23	Suspect	2000-04-01 20:20:00	2000-04-02 01:40:00	2023-11-23 18:42:20
KEGNES	WD10	Suspect	2000-04-09 22:30:00	2000-04-10 00:40:00	2023-11-23 18:42:35
KEGNES	WD10	Suspect	2000-04-19 19:20:00	2000-04-19 23:50:00	2023-11-23 18:42:50
KEGNES	WD23	Suspect	2000-04-19 19:20:00	2000-04-19 23:50:00	2023-11-23 18:42:50
KEGNES	WD10	Suspect	2000-05-13 20:50:00	2000-05-14 07:40:00	2023-11-23 18:43:42
KEGNES	WD23	Suspect	2000-05-13 20:50:00	2000-05-14 07:40:00	2023-11-23 18:43:42
KEGNES	WD10	Suspect	2000-05-14 20:30:00	2000-05-15 04:10:00	2023-11-23 18:43:47
KEGNES	WD23	Suspect	2000-05-14 20:30:00	2000-05-15 04:10:00	2023-11-23 18:43:47
KEGNES	WD10	Suspect	2000-05-16 00:50:00	2000-05-16 03:40:00	2023-11-23 18:43:55
KEGNES	WD23	Suspect	2000-05-16 00:50:00	2000-05-16 03:40:00	2023-11-23 18:43:55
KEGNES	WD10	Suspect	2000-05-17 01:10:00	2000-05-17 03:30:00	2023-11-23 18:44:15
KEGNES	WS11	Suspect	2000-05-17 01:40:00	2000-05-17 03:10:00	2023-11-23 18:44:06
KEGNES	WD10	Suspect	2000-05-24 23:20:00	2000-05-25 01:30:00	2023-11-23 18:44:30
KEGNES	WD23	Suspect	2000-05-24 23:20:00	2000-05-25 01:30:00	2023-11-23 18:44:30
KEGNES	WD10	Suspect	2000-06-08 15:50:00	2000-06-08 19:10:00	2023-11-23 18:44:44
KEGNES	WD23	Suspect	2000-06-08 15:50:00	2000-06-08 19:10:00	2023-11-23 18:44:44
KEGNES	WD10	Suspect	2000-06-19 01:30:00	2000-06-19 06:20:00	2023-11-23 18:45:08
KEGNES	WD23	Suspect	2000-06-19 01:30:00	2000-06-19 06:20:00	2023-11-23 18:45:08
KEGNES	WD10	Suspect	2000-06-29 15:10:00	2000-06-29 19:30:00	2023-11-23 18:45:32
KEGNES	WD23	Suspect	2000-06-29 15:10:00	2000-06-29 19:30:00	2023-11-23 18:45:32
KEGNES	WS11	Suspect	2000-08-20 07:50:00	2000-08-20 14:10:00	2023-11-23 18:46:27
KEGNES	WS11	Suspect	2000-08-21 14:50:00	2000-08-21 17:50:00	2023-11-23 18:46:21
KEGNES	WS11	Suspect	2000-08-23 11:10:00	2000-08-23 15:30:00	2023-11-23 18:46:49
KEGNES	WS11	Suspect	2000-09-09 08:50:00	2000-09-09 11:30:00	2023-11-23 18:47:15
KEGNES	WS11	Suspect	2000-10-01 12:10:00	2000-10-01 16:20:00	2023-09-05 14:37:12
KEGNES	WD10	Suspect	2000-10-02 04:10:00	2000-10-02 08:00:00	2023-11-23 18:47:40
KEGNES	WD10	Suspect	2000-10-20 02:30:00	2000-10-20 07:20:00	2023-11-23 18:48:01
KEGNES	WD10	Suspect	2000-10-22 12:00:00	2000-10-22 17:20:00	2023-11-23 18:48:10
KEGNES	WD10	Suspect	2000-11-14 14:40:00	2000-11-14 18:20:00	2023-11-23 18:48:36
KEGNES	WD23	Suspect	2000-11-14 14:40:00	2000-11-14 18:20:00	2023-11-23 18:48:36
KEGNES	WS03	Suspect	2000-11-14 14:40:00	2000-11-14 18:20:00	2023-11-23 18:48:36
KEGNES	WS11	Suspect	2000-11-14 14:40:00	2000-11-14 18:20:00	2023-11-23 18:48:36
KEGNES	WS23	Suspect	2000-11-14 14:40:00	2000-11-14 18:20:00	2023-11-23 18:48:36
KEGNES	WS11	Suspect	2000-11-15 00:00:00	2000-11-15 01:40:00	2023-11-23 18:48:51
KEGNES	WS11	Suspect	2000-12-17 09:50:00	2000-12-17 18:20:00	2023-11-23 18:49:21
KEGNES	WS11	Suspect	2000-12-18 21:40:00	2000-12-19 09:00:00	2023-11-23 18:49:35
KEGNES	WD10	Icing	2001-01-12 21:40:00	2001-01-13 11:40:00	2023-09-05 14:38:07
KEGNES	WD23	Icing	2001-01-12 21:40:00	2001-01-13 11:40:00	2023-09-05 14:38:07
KEGNES	WS03	Icing	2001-01-12 21:40:00	2001-01-13 11:40:00	2023-09-05 14:37:59
KEGNES	WD10	Suspect	2001-03-30 04:40:00	2001-03-30 12:30:00	2023-11-23 18:51:43
KEGNES	WD10	Suspect	2001-04-02 02:20:00	2001-04-02 09:00:00	2023-11-23 18:51:50
KEGNES	WD10	Suspect	2001-04-25 16:20:00	2001-04-25 19:30:00	2023-11-23 18:52:14
KEGNES	WD10	Suspect	2001-04-28 00:20:00	2001-04-28 07:30:00	2023-11-23 18:52:22
KEGNES	WD10	Suspect	2001-04-30 19:00:00	2001-04-30 21:10:00	2023-11-23 18:52:32
KEGNES	WD10	Suspect	2001-05-30 23:20:00	2001-05-31 02:40:00	2023-11-23 18:53:06
KEGNES	WD10	Suspect	2001-07-23 04:20:00	2001-07-23 07:10:00	2023-11-23 18:53:40
KEGNES	WD10	Suspect	2001-07-27 15:30:00	2001-07-27 16:30:00	2023-11-23 18:54:08
KEGNES	WD10	Suspect	2001-08-07 00:00:00	2001-08-07 05:00:00	2023-11-23 18:54:24
KEGNES	WD10	Suspect	2001-08-14 21:00:00	2001-08-15 00:50:00	2023-11-23 18:54:48
KEGNES	WD10	Suspect	2001-08-17 22:00:00	2001-08-18 03:00:00	2023-11-23 18:55:00
KEGNES	WD10	Suspect	2001-08-21 20:00:00	2001-08-22 04:50:00	2023-11-23 18:55:12
KEGNES	WD10	Suspect	2001-10-17 00:50:00	2001-10-17 05:20:00	2023-11-23 18:56:03
KEGNES	WD23	Suspect	2001-10-17 06:40:00	2001-10-17 09:50:00	2023-11-23 18:56:10
